,W,bol_total,W_pca_norm,diff
0,0.2556640869329607,6,0.5239503700185729,-0.2682862830856122
1,0.3668450374529954,9,0.6259205184332857,-0.25907548098029026
2,0.045624457515834264,7,0.3457379415898476,-0.30011348407401334
3,0.14185287559566576,4,0.42910109436060095,-0.2872482187649352
4,0.030671925075631146,8,0.32713094594588826,-0.2964590208702571
5,0.045624457515834264,3,0.3457379415898476,-0.30011348407401334
6,0.030671925075631146,4,0.32713094594588826,-0.2964590208702571
7,0.030671925075631146,9,0.32713094594588826,-0.2964590208702571
8,0.38503284261675774,9,0.5697949160107296,-0.18476207339397188
9,0.23659527613381423,7,0.43948339413752624,-0.202888118003712
10,0.08427923402365088,7,0.4137555257368261,-0.3294762917131752
11,0.12953060397272306,3,0.4033732259599008,-0.2738426219871778
12,0.4381554625627183,6,0.609509956744929,-0.17135449418221071
13,0.25864538012748667,9,0.5157256741515388,-0.25708029402405214
14,0.08427923402365088,7,0.4137555257368261,-0.3294762917131752
15,0.2974804352992935,6,0.5286090233747447,-0.23112858807545117
16,0.3623177709570358,4,0.5017773318637512,-0.13945956090671535
17,0.6744550634497618,3,0.7666143400834144,-0.09215927663365264
18,0.9850465288812776,9,0.9813928378376647,0.0036536910436129055
19,0.7215528876691654,4,0.756232040306489,-0.034679152637323685
20,0.20624544351861834,4,0.48427415933008516,-0.2780287158114668
21,0.2436928476872836,3,0.49711867850757946,-0.25342583082029585
22,0.05589841867173391,1,0.2849536858111199,-0.229055267139386
23,0.0,1,0.18287108178489705,-0.18287108178489705
24,0.4726215735368576,4,0.6305791717894573,-0.15795759825259975
25,0.5785778239874191,2,0.7644567361735233,-0.1858789121861042
26,0.8790902784307162,1,0.847515273453599,0.03157500497711718
27,0.11980277160199324,1,0.2719578809764039,-0.15215510937441065
28,0.6376467412122767,6,0.698596755936436,-0.060950014724159285
29,0.45057146954318517,1,0.5543368917754447,-0.10376542223225949
30,0.3993204073909114,4,0.5966266075217231,-0.19730620013081174
31,0.4726215735368576,6,0.6305791717894573,-0.15795759825259975
32,0.10028919306805703,3,0.35039659494601927,-0.2501074018779622
33,0.2825279028590904,5,0.5100020277307853,-0.22747412487169488
34,0.00862182108195863,4,0.2508886659318756,-0.24226684484991695
35,0.06932670158344778,4,0.39514853009286677,-0.325821828509419
36,0.6376467412122767,4,0.698596755936436,-0.060950014724159285
37,0.2825279028590904,5,0.5100020277307853,-0.22747412487169488
38,0.4981790862880033,9,0.6728688875357358,-0.17468980124773253
39,0.00862182108195863,3,0.2508886659318756,-0.24226684484991695
40,0.25864538012748667,5,0.5157256741515388,-0.25708029402405214
41,0.377270303397239,5,0.5203843275077106,-0.14311402411047158
42,0.6155966372186041,6,0.6223544759224232,-0.006757838703819075
43,0.00862182108195863,2,0.2508886659318756,-0.24226684484991695
44,0.13475530404219638,3,0.3714658099905477,-0.2367105059483513
45,0.2754303313056211,3,0.452366743360732,-0.1769364120551109
46,0.6155966372186041,3,0.6223544759224232,-0.006757838703819075
47,0.377270303397239,5,0.5203843275077106,-0.14311402411047158
48,0.10028919306805703,2,0.35039659494601927,-0.2501074018779622
49,0.4161053585690458,2,0.5332676767309164,-0.11716231816187056
50,0.2754303313056211,1,0.452366743360732,-0.1769364120551109
51,0.00862182108195863,3,0.2508886659318756,-0.24226684484991695
52,0.045624457515834264,4,0.3457379415898476,-0.30011348407401334
53,0.04727659758977526,3,0.31890625007885415,-0.2716296524890789
54,0.6376467412122767,5,0.698596755936436,-0.060950014724159285
55,0.00862182108195863,1,0.06801758414697849,-0.05939576306501986
56,0.9999990613214808,8,0.9999998334816241,-7.721601433807734e-07
57,0.842281956193231,9,0.7794976893066204,0.06278426688661054
58,0.14604154112934306,3,0.47604946346305105,-0.330007922333708
59,0.14185287559566576,1,0.42910109436060095,-0.2872482187649352
60,0.15680540803586887,2,0.44770809000456036,-0.2909026819686915
61,0.037002636433875635,3,0.2777203574428691,-0.24071772100899347
62,0.0,4,0.18287108178489705,-0.18287108178489705
63,0.0,2,0.18287108178489705,-0.18287108178489705
64,0.12233929706172957,4,0.42663887496003194,-0.30429957789830236
65,0.08427923402365088,1,0.4137555257368261,-0.3294762917131752
66,0.16653324040659873,4,0.4982225016178729,-0.3316892612112742
67,0.12233929706172957,1,0.42663887496003194,-0.30429957789830236
68,0.0,1,0.0,0.0
69,0.10028919306805703,3,0.35039659494601927,-0.2501074018779622
70,0.15680540803586887,1,0.44770809000456036,-0.2909026819686915
71,0.045624457515834264,3,0.2437677931751349,-0.19814333565930062
72,0.25864538012748667,9,0.5157256741515388,-0.25708029402405214
73,0.5714802524339495,1,0.70682145180347,-0.1353411993695205
74,0.09708769994227136,2,0.2848412301996098,-0.18775353025733843
75,0.06222913002997836,1,0.3375132457228136,-0.27528411569283523
76,0.08427923402365088,3,0.4137555257368261,-0.3294762917131752
77,0.7981655714085764,1,0.8639646651876671,-0.06579909377909077
78,0.4726215735368576,3,0.6305791717894573,-0.15795759825259975
79,0.023574353522161744,1,0.269495661575835,-0.24592130805367324
80,0.014952532440203115,2,0.20147807742885648,-0.18652554498865337
81,0.19905413660762486,2,0.5075398083302163,-0.30848567172259145
82,0.12233929706172957,3,0.42663887496003194,-0.30429957789830236
83,0.5202291902816758,6,0.7491111675497485,-0.2288819772680727
84,0.2377089131154415,3,0.5755573924771947,-0.3378484793617532
85,0.15466336221130172,6,0.5440670476100297,-0.38940368539872794
86,0.19023548447421224,8,0.547633090120892,-0.3573976056466798
87,0.5052766578414728,5,0.730504171905789,-0.22522751406431618
88,0.2436928476872836,3,0.49711867850757946,-0.25342583082029585
89,0.3843678749507083,3,0.5780196118777637,-0.19365173692705545
90,0.14185287559566576,4,0.42910109436060095,-0.2872482187649352
91,0.6226942087720736,5,0.6799897602924766,-0.057295551520403
92,0.5399954346543361,3,0.6775275408919075,-0.1375321062375714
93,0.12233929706172957,4,0.42663887496003194,-0.30429957789830236
94,0.377270303397239,1,0.5203843275077106,-0.14311402411047158
95,0.00862182108195863,3,0.2508886659318756,-0.24226684484991695
96,0.5052766578414728,2,0.730504171905789,-0.22522751406431618
97,0.0916673719860984,1,0.2823790107990408,-0.19071163881294242
98,0.045624457515834264,2,0.3457379415898476,-0.30011348407401334
99,0.10738676462152644,2,0.40803187931607254,-0.30064511469454613
100,0.023574353522161744,3,0.269495661575835,-0.24592130805367324
101,0.377270303397239,2,0.5203843275077106,-0.14311402411047158
102,0.15680540803586887,9,0.366807156634376,-0.21000174859850715
103,0.06932670158344778,3,0.39514853009286677,-0.325821828509419
104,0.023574353522161744,3,0.269495661575835,-0.24592130805367324
105,0.5627105063140581,7,0.7455451250388861,-0.1828346187248281
106,0.3956741465303361,8,0.6130759992557914,-0.21740185272545526
107,0.13475530404219638,7,0.3714658099905477,-0.2367105059483513
108,0.0,1,0.08090093337018431,-0.08090093337018431
109,0.08427923402365088,1,0.33285459236664183,-0.24857535834299094
110,0.2282955475122909,1,0.5605164393440978,-0.3322208918318069
111,0.0853366606278539,1,0.3317895993020599,-0.24645293867420603
112,0.2754303313056211,1,0.452366743360732,-0.1769364120551109
113,0.13475530404219638,4,0.3714658099905477,-0.2367105059483513
114,0.25864538012748667,2,0.5157256741515388,-0.25708029402405214
115,0.00862182108195863,1,0.1699877325616912,-0.16136591147973256
116,0.2754303313056211,4,0.452366743360732,-0.1769364120551109
117,0.3993204073909114,6,0.5966266075217231,-0.19730620013081174
118,0.08427923402365088,1,0.3117853773221134,-0.22750614329846253
119,0.28136045178720864,9,0.5837432582985174,-0.3023828065113087
120,0.08427923402365088,5,0.4137555257368261,-0.3294762917131752
121,0.09876494353956781,1,0.2380441467543813,-0.13927920321481346
122,0.14604154112934306,4,0.47604946346305105,-0.330007922333708
123,0.2974804352992935,2,0.5286090233747447,-0.23112858807545117
124,0.10738676462152644,1,0.40803187931607254,-0.30064511469454613
125,0.00862182108195863,1,0.2508886659318756,-0.24226684484991695
126,0.06222913002997836,1,0.25661231235262916,-0.19438318232265078
127,0.00862182108195863,1,0.2508886659318756,-0.24226684484991695
128,0.35861769600620597,6,0.7280419525052201,-0.3694242564990141
129,0.11204023238247447,2,0.3034482258435692,-0.19140799346109472
130,0.41838921819005803,6,0.6810935834027698,-0.2627043652127118
131,0.2819028564603106,3,0.6471410191350357,-0.36523816267472514
132,0.037002636433875635,1,0.2777203574428691,-0.24071772100899347
133,0.045624457515834264,6,0.3457379415898476,-0.30011348407401334
134,0.045624457515834264,2,0.3457379415898476,-0.30011348407401334
135,0.11204023238247447,2,0.3034482258435692,-0.19140799346109472
136,0.41838921819005803,3,0.6810935834027698,-0.2627043652127118
137,0.3993204073909114,3,0.5966266075217231,-0.19730620013081174
138,0.037002636433875635,1,0.2777203574428691,-0.24071772100899347
139,0.1137174759797709,1,0.35862129081305344,-0.24490381483328255
140,0.00862182108195863,1,0.2508886659318756,-0.24226684484991695
141,0.0916673719860984,2,0.2823790107990408,-0.19071163881294242
142,0.045624457515834264,4,0.3457379415898476,-0.30011348407401334
143,0.11980277160199324,2,0.3528588143465883,-0.23305604274459504
144,0.030671925075631146,1,0.22516079753117546,-0.1944888724555443
145,0.06222913002997836,5,0.25661231235262916,-0.19438318232265078
146,0.4381554625627183,2,0.609509956744929,-0.17135449418221071
147,0.0,1,0.18287108178489705,-0.18287108178489705
148,0.045624457515834264,2,0.3457379415898476,-0.30011348407401334
149,0.030671925075631146,5,0.32713094594588826,-0.2964590208702571
150,0.014952532440203115,1,0.20147807742885648,-0.18652554498865337
151,0.13894396957587363,1,0.41841417909299783,-0.2794702095171242
152,0.14185287559566576,2,0.42910109436060095,-0.2872482187649352
153,0.06222913002997836,1,0.3375132457228136,-0.27528411569283523
154,0.864137745990513,5,0.8289082778096395,0.03522946818087347
155,0.0853366606278539,1,0.3317895993020599,-0.24645293867420603
156,0.045624457515834264,3,0.3457379415898476,-0.30011348407401334
157,0.6376467412122767,4,0.698596755936436,-0.060950014724159285
158,0.023574353522161744,1,0.1675255131611222,-0.14395115963896046
159,0.12233929706172957,4,0.42663887496003194,-0.30429957789830236
160,0.045624457515834264,3,0.3457379415898476,-0.30011348407401334
161,0.2377089131154415,5,0.5755573924771947,-0.3378484793617532
162,0.045624457515834264,4,0.3457379415898476,-0.30011348407401334
163,0.2974804352992935,3,0.5286090233747447,-0.23112858807545117
164,0.12399143713567054,3,0.3998071834490385,-0.2758157463133679
165,0.7953638463405265,3,0.9190989001114397,-0.1237350537709132
166,0.3843678749507083,8,0.5780196118777637,-0.19365173692705545
167,0.3843678749507083,3,0.5780196118777637,-0.19365173692705545
168,0.2436928476872836,7,0.49711867850757946,-0.25342583082029585
169,0.3993204073909114,2,0.5966266075217231,-0.19730620013081174
170,0.045624457515834264,5,0.3457379415898476,-0.30011348407401334
171,0.12233929706172957,2,0.42663887496003194,-0.30429957789830236
172,0.00862182108195863,5,0.2508886659318756,-0.24226684484991695
173,0.3993204073909114,6,0.5966266075217231,-0.19730620013081174
174,0.08427923402365088,3,0.4137555257368261,-0.3294762917131752
175,0.3993204073909114,5,0.5966266075217231,-0.19730620013081174
176,0.045624457515834264,3,0.3457379415898476,-0.30011348407401334
177,0.3993204073909114,7,0.5966266075217231,-0.19730620013081174
178,0.2974804352992935,3,0.5286090233747447,-0.23112858807545117
179,0.25864538012748667,6,0.5157256741515388,-0.25708029402405214
180,0.08427923402365088,4,0.4137555257368261,-0.3294762917131752
181,0.2974804352992935,4,0.5286090233747447,-0.23112858807545117
182,0.3623177709570358,2,0.5017773318637512,-0.13945956090671535
183,0.6744550634497618,3,0.7666143400834144,-0.09215927663365264
184,0.9850465288812776,5,0.9813928378376647,0.0036536910436129055
185,0.7215528876691654,2,0.756232040306489,-0.034679152637323685
186,0.20624544351861834,4,0.48427415933008516,-0.2780287158114668
187,0.2436928476872836,3,0.49711867850757946,-0.25342583082029585
188,0.05589841867173391,1,0.2849536858111199,-0.229055267139386
189,0.0,1,0.18287108178489705,-0.18287108178489705
190,0.4726215735368576,4,0.6305791717894573,-0.15795759825259975
191,0.5785778239874191,1,0.7644567361735233,-0.1858789121861042
192,0.8790902784307162,1,0.847515273453599,0.03157500497711718
193,0.260477798865418,1,0.4337597477167726,-0.17328194885135462
194,0.6376467412122767,6,0.698596755936436,-0.060950014724159285
195,0.45057146954318517,1,0.5543368917754447,-0.10376542223225949
196,0.3993204073909114,4,0.5966266075217231,-0.19730620013081174
197,0.4726215735368576,6,0.6305791717894573,-0.15795759825259975
198,0.10028919306805703,3,0.35039659494601927,-0.2501074018779622
199,0.2825279028590904,5,0.5100020277307853,-0.22747412487169488
200,0.0853366606278539,4,0.3317895993020599,-0.24645293867420603
201,0.14604154112934306,4,0.47604946346305105,-0.330007922333708
202,0.6376467412122767,4,0.698596755936436,-0.060950014724159285
203,0.2825279028590904,2,0.5100020277307853,-0.22747412487169488
204,0.4981790862880033,9,0.6728688875357358,-0.17468980124773253
205,0.00862182108195863,2,0.2508886659318756,-0.24226684484991695
206,0.25864538012748667,5,0.43482474078135447,-0.1761793606538678
207,0.3993204073909114,5,0.5966266075217231,-0.19730620013081174
208,0.6376467412122767,3,0.698596755936436,-0.060950014724159285
209,0.030671925075631146,1,0.32713094594588826,-0.2964590208702571
210,0.15680540803586887,3,0.44770809000456036,-0.2909026819686915
211,0.2974804352992935,2,0.5286090233747447,-0.23112858807545117
212,0.5785778239874191,2,0.7644567361735233,-0.1858789121861042
213,0.8790902784307162,1,0.847515273453599,0.03157500497711718
214,0.11980277160199324,1,0.2719578809764039,-0.15215510937441065
215,0.6376467412122767,6,0.698596755936436,-0.060950014724159285
216,0.45057146954318517,1,0.5543368917754447,-0.10376542223225949
217,0.3993204073909114,4,0.5966266075217231,-0.19730620013081174
218,0.4726215735368576,6,0.6305791717894573,-0.15795759825259975
219,0.10028919306805703,3,0.35039659494601927,-0.2501074018779622
220,0.2825279028590904,5,0.5100020277307853,-0.22747412487169488
221,0.00862182108195863,4,0.2508886659318756,-0.24226684484991695
222,0.06932670158344778,4,0.39514853009286677,-0.325821828509419
223,0.6376467412122767,4,0.698596755936436,-0.060950014724159285
224,0.2825279028590904,5,0.5100020277307853,-0.22747412487169488
225,0.4981790862880033,9,0.6728688875357358,-0.17468980124773253
226,0.00862182108195863,3,0.2508886659318756,-0.24226684484991695
227,0.25864538012748667,5,0.5157256741515388,-0.25708029402405214
228,0.377270303397239,5,0.5203843275077106,-0.14311402411047158
229,0.6155966372186041,6,0.6223544759224232,-0.006757838703819075
230,0.00862182108195863,2,0.2508886659318756,-0.24226684484991695
231,0.13475530404219638,3,0.3714658099905477,-0.2367105059483513
232,0.2754303313056211,3,0.452366743360732,-0.1769364120551109
233,0.6155966372186041,3,0.6223544759224232,-0.006757838703819075
234,0.377270303397239,5,0.5203843275077106,-0.14311402411047158
235,0.13894396957587363,2,0.41841417909299783,-0.2794702095171242
236,0.5179453306606636,2,0.6012852608778949,-0.0833399302172313
237,0.2754303313056211,1,0.452366743360732,-0.1769364120551109
238,0.00862182108195863,2,0.2508886659318756,-0.24226684484991695
239,0.045624457515834264,3,0.3457379415898476,-0.30011348407401334
240,0.04727659758977526,3,0.31890625007885415,-0.2716296524890789
241,0.6376467412122767,3,0.698596755936436,-0.060950014724159285
242,0.04727659758977526,1,0.13603516829395704,-0.08875857070418178
243,0.9631907390839956,8,0.9319822493346457,0.031208489749349866
244,0.842281956193231,9,0.7794976893066204,0.06278426688661054
245,0.14604154112934306,3,0.47604946346305105,-0.330007922333708
246,0.14185287559566576,3,0.42910109436060095,-0.2872482187649352
247,0.15680540803586887,3,0.44770809000456036,-0.2909026819686915
248,0.08427923402365088,3,0.4137555257368261,-0.3294762917131752
249,0.06932670158344778,4,0.39514853009286677,-0.325821828509419
250,0.022050103993672524,3,0.2591133617989097,-0.23706325780523718
251,0.045624457515834264,4,0.3457379415898476,-0.30011348407401334
252,0.045624457515834264,2,0.3457379415898476,-0.30011348407401334
253,0.16653324040659873,4,0.4982225016178729,-0.3316892612112742
254,0.045624457515834264,2,0.3457379415898476,-0.30011348407401334
255,0.4981790862880033,9,0.6728688875357358,-0.17468980124773253
256,0.00862182108195863,3,0.2508886659318756,-0.24226684484991695
257,0.25864538012748667,5,0.5157256741515388,-0.25708029402405214
258,0.377270303397239,5,0.5203843275077106,-0.14311402411047158
259,0.6155966372186041,6,0.6223544759224232,-0.006757838703819075
260,0.00862182108195863,2,0.2508886659318756,-0.24226684484991695
261,0.13475530404219638,3,0.3714658099905477,-0.2367105059483513
262,0.2754303313056211,3,0.452366743360732,-0.1769364120551109
263,0.6155966372186041,3,0.6223544759224232,-0.006757838703819075
264,0.377270303397239,5,0.5203843275077106,-0.14311402411047158
265,0.10028919306805703,2,0.35039659494601927,-0.2501074018779622
266,0.4161053585690458,2,0.5332676767309164,-0.11716231816187056
267,0.2754303313056211,1,0.452366743360732,-0.1769364120551109
268,0.00862182108195863,3,0.2508886659318756,-0.24226684484991695
269,0.045624457515834264,4,0.3457379415898476,-0.30011348407401334
270,0.04727659758977526,3,0.31890625007885415,-0.2716296524890789
271,0.6376467412122767,5,0.698596755936436,-0.060950014724159285
272,0.00862182108195863,1,0.06801758414697849,-0.05939576306501986
273,0.9999990613214808,8,0.9999998334816241,-7.721601433807734e-07
274,0.842281956193231,9,0.7794976893066204,0.06278426688661054
275,0.14604154112934306,3,0.47604946346305105,-0.330007922333708
276,0.14185287559566576,1,0.42910109436060095,-0.2872482187649352
277,0.15680540803586887,2,0.44770809000456036,-0.2909026819686915
278,0.037002636433875635,3,0.2777203574428691,-0.24071772100899347
279,0.014952532440203115,4,0.20147807742885648,-0.18652554498865337
280,0.014952532440203115,2,0.20147807742885648,-0.18652554498865337
281,0.12233929706172957,4,0.42663887496003194,-0.30429957789830236
282,0.08427923402365088,1,0.4137555257368261,-0.3294762917131752
283,0.16653324040659873,4,0.4982225016178729,-0.3316892612112742
284,0.12233929706172957,1,0.42663887496003194,-0.30429957789830236
285,0.014952532440203115,1,0.01860699564395938,-0.0036544632037562655
286,0.10028919306805703,3,0.35039659494601927,-0.2501074018779622
287,0.15680540803586887,1,0.44770809000456036,-0.2909026819686915
288,0.045624457515834264,3,0.2437677931751349,-0.19814333565930062
289,0.25864538012748667,9,0.5157256741515388,-0.25708029402405214
290,0.2556640869329607,6,0.5239503700185729,-0.2682862830856122
291,0.3668450374529954,9,0.6259205184332857,-0.25907548098029026
292,0.045624457515834264,7,0.3457379415898476,-0.30011348407401334
293,0.14185287559566576,4,0.42910109436060095,-0.2872482187649352
294,0.030671925075631146,8,0.32713094594588826,-0.2964590208702571
295,0.045624457515834264,3,0.3457379415898476,-0.30011348407401334
296,0.030671925075631146,4,0.32713094594588826,-0.2964590208702571
297,0.030671925075631146,9,0.32713094594588826,-0.2964590208702571
298,0.40708294661043015,9,0.6460371960247423,-0.23895424941431215
299,0.23659527613381423,7,0.43948339413752624,-0.202888118003712
300,0.08427923402365088,7,0.4137555257368261,-0.3294762917131752
301,0.12953060397272306,3,0.4033732259599008,-0.2738426219871778
302,0.4381554625627183,6,0.609509956744929,-0.17135449418221071
303,0.25864538012748667,9,0.43482474078135447,-0.1761793606538678
304,0.08427923402365088,7,0.33285459236664183,-0.24857535834299094
